"place","population","pct_under_18","pct_between_18_64","pct_over_64","male_female_ratio","male","female"
"Los Angeles city",3485398.0,24.8,65.3,10.0,99.6,1728757.0,1756641.0
"San Diego city",1110549.0,23.1,66.7,10.2,103.7,596365.0,514184.0
"San Jose city",782248.0,26.7,66.1,7.2,102.8,413027.0,369221.0
"San Francisco city",723959.0,16.1,69.3,14.6,99.4,357636.0,366323.0
"Long Beach city",429433.0,25.5,63.7,10.8,101.0,219011.0,210422.0
"Oakland city",372242.0,24.9,63.1,12.0,89.2,145919.0,226323.0
"Sacramento city",369365.0,26.2,61.7,12.1,90.4,149223.0,220142.0
"Fresno city",354202.0,31.7,58.2,10.1,89.8,140972.0,213230.0
"Santa Ana city",293742.0,30.5,63.9,5.6,116.8,196220.0,97522.0
"Anaheim city",266406.0,25.9,65.7,8.4,101.5,137199.0,129207.0
"Riverside city",226505.0,29.0,62.1,8.9,95.7,103513.0,122992.0
"Stockton city",210943.0,31.8,57.8,10.5,94.9,94713.0,116230.0
"Huntington Beach city",181519.0,21.0,70.7,8.3,101.3,93119.0,88400.0
"Glendale city",180038.0,21.7,65.0,13.3,89.5,71115.0,108923.0
"Bakersfield city",174820.0,30.8,60.0,9.2,90.6,70977.0,103843.0
"Fremont city",173339.0,25.8,67.6,6.7,98.7,84416.0,88923.0
"Modesto city",164730.0,30.2,59.4,10.5,90.1,66057.0,98673.0
"San Bernardino city",164164.0,31.6,58.4,10.0,94.5,73053.0,91111.0
"Garden Grove city",143050.0,26.3,65.0,8.7,101.6,73814.0,69236.0
"Oxnard city",142216.0,30.7,61.6,7.7,105.0,78219.0,63997.0
"Chula Vista city",135163.0,26.1,62.3,11.7,93.2,58390.0,76773.0
"Ontario city",133179.0,32.9,60.7,6.4,100.3,66989.0,66190.0
"Torrance city",133107.0,20.4,67.6,11.9,94.6,59366.0,73741.0
"Pomona city",131723.0,32.8,60.2,7.0,105.1,72579.0,59144.0
"Pasadena city",131591.0,22.0,64.8,13.2,92.6,56058.0,75533.0
"Oceanside city",128398.0,26.2,59.8,14.0,96.3,59448.0,68950.0
"East Los Angeles CDP",126379.0,33.4,59.0,7.6,98.6,61420.0,64959.0
"Moreno Valley city",118779.0,36.9,59.1,4.0,96.9,55707.0,63072.0
"Sunnyvale city",117229.0,19.2,70.4,10.4,101.9,60842.0,56387.0
"Fullerton city",114144.0,22.6,67.2,10.2,99.5,56501.0,57643.0
"Santa Rosa city",113313.0,23.8,59.9,16.3,87.3,42266.0,71047.0
"Hayward city",111498.0,24.8,64.5,10.7,94.4,49505.0,61993.0
"Concord city",111348.0,24.6,65.9,9.5,94.3,49327.0,62021.0
"Orange city",110658.0,24.4,66.9,8.7,99.2,54444.0,56214.0
"Santa Clarita city",110642.0,28.0,65.8,6.3,98.2,53329.0,57313.0
"Irvine city",110330.0,24.4,69.9,5.8,90.6,44794.0,65536.0
"Inglewood city",109602.0,30.1,63.1,6.8,90.5,44389.0,65213.0
"Vallejo city",109199.0,28.0,61.2,10.9,96.5,50778.0,58421.0
"Salinas city",108777.0,32.1,59.6,8.3,97.7,51887.0,56890.0
"Escondido city",108635.0,26.5,60.5,13.0,94.3,48125.0,60510.0
"Citrus Heights CDP",107439.0,26.7,63.7,9.6,91.4,44480.0,62959.0
"El Monte city",106209.0,34.0,59.5,6.4,106.3,59796.0,46413.0
"Thousand Oaks city",104352.0,24.7,66.3,9.0,96.3,48315.0,56037.0
"Berkeley city",102724.0,14.3,74.8,11.0,97.7,48999.0,53725.0
"Rancho Cucamonga city",101409.0,31.6,63.3,5.1,96.1,46750.0,54659.0
"Simi Valley city",100217.0,28.2,66.5,5.3,99.5,49607.0,50610.0
"Lancaster city",97291.0,29.9,62.2,7.9,97.2,45921.0,51370.0
"Costa Mesa city",96357.0,19.5,72.3,8.2,104.1,52129.0,44228.0
"West Covina city",96086.0,27.6,63.7,8.7,93.1,41413.0,54673.0
"Norwalk city",94279.0,29.8,61.6,8.6,98.9,46102.0,48177.0
"Burbank city",93643.0,20.0,65.5,14.5,91.8,39143.0,54500.0
"Santa Clara city",93613.0,18.8,71.2,10.0,102.2,48866.0,44747.0
"San Buenaventura (Ventura) city",92575.0,23.5,64.0,12.5,95.6,42214.0,50361.0
"Daly City city",92311.0,24.0,65.5,10.5,91.7,38494.0,53817.0
"Arden-Arcade CDP",92040.0,19.7,64.3,16.0,86.0,33134.0,58906.0
"Downey city",91444.0,24.4,62.2,13.4,92.8,39138.0,52306.0
"Compton city",90454.0,36.7,57.6,5.7,91.9,37900.0,52554.0
"El Cajon city",88693.0,26.4,62.7,10.9,92.1,37340.0,51353.0
"Fontana city",87535.0,36.1,58.4,5.5,95.0,39391.0,48144.0
"Richmond city",87425.0,26.4,62.2,11.3,86.8,32172.0,55253.0
"Santa Monica city",86905.0,13.8,69.7,16.5,86.8,31981.0,54924.0
"South Gate city",86284.0,34.5,58.2,7.3,97.2,40726.0,45558.0
"Santa Barbara city",85571.0,18.3,65.5,16.2,94.3,37908.0,47663.0
"San Mateo city",85486.0,18.8,64.9,16.3,91.8,35733.0,49753.0
"Carson city",83995.0,27.3,64.6,8.0,93.0,36118.0,47877.0
"Alhambra city",82106.0,22.8,64.3,13.0,87.0,30379.0,51727.0
"Westminster city",78118.0,25.2,65.4,9.4,101.4,40153.0,37965.0
"Whittier city",77671.0,25.7,60.4,13.9,91.3,32078.0,45593.0
"Fairfield city",77211.0,30.2,63.4,6.4,100.0,38606.0,38605.0
"Alameda city",76459.0,19.8,68.4,11.8,113.5,48551.0,27908.0
"Corona city",76095.0,31.2,63.0,5.8,102.3,39798.0,36297.0
"Visalia city",75636.0,31.1,57.8,11.1,88.1,28817.0,46819.0
"Lakewood city",73557.0,24.7,63.3,12.1,94.5,32733.0,40824.0
"Mission Viejo city",72820.0,27.7,64.4,7.9,95.7,33279.0,39541.0
"Rialto city",72388.0,35.6,57.8,6.6,91.7,30186.0,42202.0
"Vista city",71872.0,26.9,60.9,12.2,97.8,34355.0,37517.0
"Vacaville city",71479.0,26.7,66.5,6.8,129.5,56826.0,14653.0
"Hawthorne city",71349.0,25.3,67.4,7.3,96.2,32963.0,38386.0
"Baldwin Park city",69330.0,35.2,59.3,5.6,99.4,34249.0,35081.0
"Palmdale city",68842.0,35.3,60.0,4.8,99.5,34077.0,34765.0
"Buena Park city",68784.0,26.6,65.4,8.0,98.2,33154.0,35630.0
"San Leandro city",68223.0,19.0,61.7,19.3,87.9,25857.0,42366.0
"Mountain View city",67460.0,17.7,72.5,9.8,103.5,36091.0,31369.0
"Newport Beach city",66643.0,13.3,71.2,15.5,96.6,31056.0,35587.0
"Redding city",66462.0,26.9,58.7,14.5,88.1,25322.0,41140.0
"Redwood City city",66072.0,22.0,66.4,11.5,100.0,33036.0,33036.0
"Upland city",63374.0,26.7,64.1,9.2,92.0,26617.0,36757.0
"Carlsbad city",63126.0,21.6,65.3,13.1,100.4,31816.0,31310.0
"El Toro CDP",62685.0,26.3,66.8,6.9,95.1,28271.0,34414.0
"Antioch city",62195.0,30.8,61.5,7.6,94.2,27490.0,34705.0
"Lynwood city",61945.0,37.5,57.3,5.1,100.6,31344.0,30601.0
"Napa city",61842.0,24.6,60.5,14.9,91.1,25417.0,36425.0
"Bellflower city",61815.0,26.0,63.1,10.8,93.5,26890.0,34925.0
"Santa Maria city",61284.0,29.9,58.1,12.0,96.2,28313.0,32971.0
"Monterey Park city",60738.0,22.5,63.7,13.8,91.6,25267.0,35471.0
"Walnut Creek city",60569.0,16.4,60.8,22.8,82.2,19503.0,41066.0
"Redlands city",60394.0,27.0,61.1,11.9,87.8,22829.0,37565.0
"Redondo Beach city",60167.0,16.2,76.6,7.2,104.8,32972.0,27195.0
"Chino city",59682.0,28.2,66.7,5.0,144.3,56280.0,3402.0
"Montebello city",59564.0,27.1,60.9,11.9,90.2,23945.0,35619.0
"Pico Rivera city",59177.0,30.1,60.3,9.6,96.4,27458.0,31719.0
"Florence-Graham CDP",57147.0,39.2,55.3,5.5,101.1,29202.0,27945.0
"Livermore city",56741.0,27.2,65.7,7.1,98.5,27519.0,29222.0
"Merced city",56216.0,34.6,56.4,9.0,93.7,24566.0,31650.0
"Huntington Park city",56065.0,34.5,60.0,5.6,103.8,30163.0,25902.0
"Palo Alto city",55900.0,17.7,66.9,15.5,94.8,25043.0,30857.0
"Encinitas city",55386.0,22.7,68.2,9.1,105.5,30739.0,24647.0
"Spring Valley CDP",55331.0,29.9,61.7,8.4,94.2,24456.0,30875.0
"South San Francisco city",54312.0,24.1,64.5,11.4,93.4,23571.0,30741.0
"National City city",54249.0,27.9,62.7,9.4,117.7,36727.0,17522.0
"Union City city",53762.0,29.6,63.2,7.1,96.1,24784.0,28978.0
"Fountain Valley city",53691.0,23.7,69.1,7.3,97.1,25288.0,28403.0
"Diamond Bar city",53672.0,28.6,67.2,4.2,97.0,25226.0,28446.0
"Cerritos city",53240.0,27.7,66.5,5.7,93.9,23372.0,29868.0
"La Mesa city",52931.0,17.5,64.2,18.3,86.4,19267.0,33664.0
"Santee city",52902.0,28.8,62.9,8.3,94.8,23700.0,29202.0
"Yorba Linda city",52422.0,29.8,65.2,5.0,96.3,24271.0,28151.0
"Hacienda Heights CDP",52354.0,26.4,65.9,7.7,96.4,24292.0,28062.0
"Camarillo city",52303.0,24.4,58.9,16.7,94.9,23484.0,28819.0
"Lodi city",51874.0,25.2,59.1,15.7,94.3,22980.0,28894.0
"Rosemead city",51638.0,30.4,60.7,9.0,96.0,23753.0,27885.0
"La Habra city",51266.0,25.2,64.1,10.7,96.5,23839.0,27427.0
"Tustin city",50689.0,23.9,68.5,7.5,100.0,25344.0,25345.0
"Milpitas city",50686.0,26.6,68.6,4.9,114.6,32743.0,17943.0
"Pleasanton city",50553.0,25.8,68.8,5.4,96.2,23355.0,27198.0
"Hesperia city",50418.0,33.1,55.6,11.3,95.4,22890.0,27528.0
"Clovis city",50323.0,30.7,61.4,7.9,88.5,19374.0,30949.0
"Gardena city",49847.0,23.1,66.0,10.9,95.8,22830.0,27017.0
"South Whittier CDP",49514.0,31.2,61.1,7.8,100.1,24807.0,24707.0
"Santa Cruz city",49040.0,18.3,71.6,10.1,96.6,22853.0,26187.0
"Rancho Cordova CDP",48731.0,27.6,64.4,8.0,91.3,20126.0,28605.0
"Carmichael CDP",48702.0,23.2,63.1,13.7,84.7,16900.0,31802.0
"Castro Valley CDP",48619.0,22.4,62.5,15.0,90.4,19642.0,28977.0
"San Rafael city",48404.0,17.4,68.7,13.9,95.1,21830.0,26574.0
"Arcadia city",48290.0,21.6,62.3,16.1,85.8,17288.0,31002.0
"Glendora city",47828.0,26.4,63.0,10.6,92.1,20136.0,27692.0
"Paramount city",47669.0,35.0,58.7,6.2,98.4,23072.0,24597.0
"Novato city",47585.0,24.9,65.3,9.8,90.6,19320.0,28265.0
"Pittsburg city",47564.0,31.1,61.1,7.7,96.0,21879.0,25685.0
"Laguna Hills CDP",46731.0,16.0,44.4,39.6,70.8,9720.0,37011.0
"Davis city",46209.0,16.6,77.2,6.2,93.0,19870.0,26339.0
"Apple Valley town",46079.0,31.8,58.3,9.9,93.8,20183.0,25896.0
"Roseville city",44685.0,27.3,61.5,11.3,90.2,17963.0,26722.0
"Laguna Niguel city",44400.0,23.9,69.2,6.9,95.9,20380.0,24020.0
"Poway city",43516.0,30.0,63.1,7.0,97.4,20627.0,22889.0
"Covina city",43207.0,25.3,63.9,10.8,89.2,16937.0,26270.0
"Petaluma city",43184.0,25.8,62.6,11.6,91.1,17749.0,25435.0
"Altadena CDP",42658.0,25.6,62.5,11.9,88.6,16466.0,26192.0
"Cypress city",42655.0,25.1,67.4,7.5,93.7,18640.0,24015.0
"Rowland Heights CDP",42647.0,28.8,64.4,6.8,95.1,19234.0,23413.0
"Bell Gardens city",42355.0,40.2,55.6,4.2,105.5,23507.0,18848.0
"Turlock city",42198.0,29.3,58.2,12.5,88.7,16331.0,25867.0
"North Highlands CDP",42105.0,28.5,62.8,8.7,92.4,17853.0,24252.0
"San Luis Obispo city",41958.0,13.8,74.0,12.2,104.8,22993.0,18965.0
"Rancho Palos Verdes city",41659.0,21.3,66.7,12.0,94.2,18413.0,23246.0
"Azusa city",41333.0,28.8,64.3,6.9,99.8,20584.0,20749.0
"Placentia city",41259.0,25.7,67.1,7.2,98.8,20134.0,21125.0
"San Clemente city",41100.0,21.2,65.8,13.0,101.9,21331.0,19769.0
"Manteca city",40773.0,32.4,59.5,8.2,97.3,19286.0,21487.0
"Victorville city",40674.0,31.0,57.4,11.6,93.9,17856.0,22818.0
"La Mirada city",40452.0,24.1,64.5,11.4,93.7,17678.0,22774.0
"Cupertino city",40263.0,21.8,69.3,8.8,98.6,19568.0,20695.0
"Colton city",40213.0,32.4,60.9,6.6,95.7,18377.0,21836.0
"Palm Springs city",40181.0,16.4,57.8,25.8,94.8,18001.0,22180.0
"Chico city",40079.0,18.6,72.4,9.0,99.8,19959.0,20120.0
"Woodland city",39802.0,29.2,59.5,11.2,91.5,16518.0,23284.0
"Lakeside CDP",39412.0,27.5,62.5,10.0,95.4,17893.0,21519.0
"San Marcos city",38974.0,27.1,58.2,14.7,98.7,18980.0,19994.0
"San Bruno city",38961.0,21.7,67.8,10.5,102.2,20338.0,18623.0
"Seaside city",38901.0,26.9,67.7,5.4,145.1,36995.0,1906.0
"Culver City city",38793.0,18.7,68.0,13.3,88.1,14780.0,24013.0
"Newark city",37861.0,28.2,66.5,5.3,100.8,19233.0,18628.0
"Pacifica city",37670.0,24.7,67.9,7.4,95.4,17102.0,20568.0
"Lompoc city",37649.0,29.0,62.6,8.5,112.9,23681.0,13968.0
"San Gabriel city",37120.0,24.3,62.3,13.4,88.5,14291.0,22829.0
"La Puente city",36955.0,32.5,61.5,6.0,101.7,19106.0,17849.0
"Indio city",36793.0,33.9,58.0,8.1,101.8,19059.0,17734.0
"Rohnert Park city",36326.0,26.9,65.6,7.5,91.0,14894.0,21432.0
"West Hollywood city",36118.0,7.1,74.6,18.3,114.6,23332.0,12786.0
"Hemet city",36094.0,16.8,41.1,42.1,78.4,10251.0,25843.0
"Campbell city",36048.0,19.7,71.0,9.3,95.5,16402.0,19646.0
"Monrovia city",35761.0,25.6,63.5,10.8,92.2,15091.0,20670.0
"San Ramon city",35303.0,26.8,68.9,4.3,96.6,16451.0,18852.0
"Highland city",34439.0,33.0,60.4,6.6,93.9,15119.0,19320.0
"Bell city",34365.0,34.2,59.3,6.5,105.4,19038.0,15327.0
"Tracy city",33558.0,31.3,60.6,8.1,98.8,16376.0,17182.0
"Tulare city",33249.0,34.4,54.8,10.7,87.0,12302.0,20947.0
"Brea city",32873.0,23.2,67.5,9.3,97.9,15746.0,17127.0
"Yucaipa city",32824.0,24.3,51.6,24.0,84.9,11456.0,21368.0
"Willowbrook CDP",32772.0,35.1,55.3,9.6,92.1,13797.0,18975.0
"Claremont city",32503.0,21.6,66.0,12.4,90.2,13066.0,19437.0
"San Dimas city",32397.0,26.2,64.5,9.4,93.5,14093.0,18304.0
"Manhattan Beach city",32063.0,16.4,75.0,8.6,104.4,17442.0,14621.0
"Beverly Hills city",31971.0,16.6,63.1,20.3,75.5,8153.0,23818.0
"Monterey city",31954.0,18.2,68.9,12.9,103.0,16936.0,15018.0
"Parkway-South Sacramento CDP",31903.0,33.7,56.2,10.0,86.4,11613.0,20290.0
"Dana Point city",31896.0,20.0,69.9,10.0,103.2,16969.0,14927.0
"Martinez city",31808.0,22.9,68.1,9.0,96.1,14663.0,17145.0
"Pleasant Hill city",31585.0,20.6,67.6,11.7,92.8,13518.0,18067.0
"Gilroy city",31487.0,32.7,59.6,7.7,97.1,14830.0,16657.0
"El Centro city",31384.0,35.8,56.2,8.0,90.8,12805.0,18579.0
"Danville city",31306.0,26.0,65.6,8.4,94.1,13806.0,17500.0
"Temple City city",31100.0,23.8,61.2,14.9,86.7,11414.0,19686.0
"Watsonville city",31099.0,31.3,56.2,12.6,93.8,13621.0,17478.0
"Westmont CDP",31044.0,35.8,59.3,4.8,79.9,9282.0,21762.0
"Hanford city",30897.0,31.2,57.8,11.0,90.2,12421.0,18476.0
"La Verne city",30897.0,26.2,61.0,12.8,89.4,12173.0,18724.0
"Casa de Oro-Mount Helix CDP",30727.0,24.8,64.6,10.6,97.1,14472.0,16255.0
"Stanton city",30491.0,26.1,63.9,10.0,99.3,15032.0,15459.0
"Cathedral City city",30085.0,26.8,59.3,13.9,102.5,15795.0,14290.0
"Folsom city",29802.0,21.1,70.2,8.7,167.9,35137.0,-5335.0
"Porterville city",29563.0,32.8,54.5,12.8,86.6,10820.0,18743.0
"Madera city",29281.0,33.9,54.6,11.6,91.2,12064.0,17217.0
"Walnut city",29105.0,32.6,63.5,3.9,96.6,13563.0,15542.0
"West Sacramento city",28898.0,27.9,59.0,13.1,98.4,13987.0,14911.0
"Montclair city",28434.0,31.1,61.1,7.8,97.1,13392.0,15042.0
"Foster City city",28176.0,20.5,72.5,7.0,95.8,12905.0,15271.0
"Saratoga city",28061.0,20.8,65.7,13.6,93.6,12235.0,15826.0
"Menlo Park city",28040.0,18.9,63.2,17.9,88.2,10711.0,17329.0
"Maywood city",27850.0,36.6,58.9,4.5,109.2,16487.0,11363.0
"Ridgecrest city",27725.0,29.7,63.4,6.9,103.9,14944.0,12781.0
"Chino Hills CDP",27608.0,32.1,65.4,2.5,99.4,13638.0,13970.0
"Yuba City city",27437.0,29.0,59.2,11.7,88.1,10453.0,16984.0
"Los Gatos town",27357.0,18.7,68.6,12.7,89.7,10861.0,16496.0
"Lawndale city",27331.0,27.1,67.2,5.7,104.6,14923.0,12408.0
"Temecula city",27099.0,32.9,60.8,6.3,101.6,13983.0,13116.0
"Eureka city",27025.0,24.9,60.2,14.9,91.1,11107.0,15918.0
"Fair Oaks CDP",26867.0,24.2,65.7,10.1,94.5,11956.0,14911.0
"Burlingame city",26801.0,16.4,64.9,18.8,84.9,9354.0,17447.0
"Oildale CDP",26553.0,28.4,58.2,13.4,87.6,9984.0,16569.0
"Coronado city",26540.0,12.0,75.0,13.0,209.0,42199.0,-15659.0
"Imperial Beach city",26512.0,29.3,64.5,6.1,105.0,14582.0,11930.0
"Marina city",26436.0,29.2,66.5,4.3,114.6,17078.0,9358.0
"Ceres city",26314.0,33.1,58.4,8.5,91.9,11026.0,15288.0
"Los Altos city",26303.0,20.6,60.8,18.7,91.5,10916.0,15387.0
"Orangevale CDP",26266.0,28.0,62.4,9.6,95.2,11872.0,14394.0
"San Juan Capistrano city",26183.0,26.5,60.6,12.9,96.0,12044.0,14139.0
"San Carlos city",26167.0,19.0,65.5,15.5,89.5,10336.0,15831.0
"Moorpark city",25494.0,33.5,62.7,3.8,103.1,13537.0,11957.0
"Paradise town",25408.0,20.7,48.7,30.6,84.0,8639.0,16769.0
"San Pablo city",25158.0,30.3,59.0,10.7,89.5,9937.0,15221.0
"Seal Beach city",25098.0,11.8,51.2,37.0,75.7,6450.0,18648.0
"Santa Paula city",25062.0,29.9,57.8,12.3,102.4,13132.0,11930.0
"Benicia city",24437.0,27.2,64.7,8.0,93.5,10630.0,13807.0
"Rubidoux CDP",24367.0,33.7,59.2,7.0,98.7,11867.0,12500.0
"Tustin Foothills CDP",24358.0,22.6,65.7,11.7,95.8,11156.0,13202.0
"Florin CDP",24330.0,29.7,58.8,11.5,87.8,9197.0,15133.0
"West Whittier-Los Nietos CDP",24164.0,30.7,59.1,10.3,94.9,10850.0,13314.0
"Belmont city",24127.0,17.7,70.9,11.4,94.4,10712.0,13415.0
"Lemon Grove city",23984.0,26.6,59.6,13.8,89.8,9546.0,14438.0
"South Pasadena city",23936.0,20.3,67.5,12.2,84.0,8138.0,15798.0
"Morgan Hill city",23928.0,30.2,62.2,7.6,97.7,11414.0,12514.0
"Lafayette city",23501.0,22.6,63.9,13.5,93.9,10317.0,13184.0
"East Palo Alto city",23451.0,32.8,61.6,5.6,103.9,12640.0,10811.0
"Norco city",23302.0,22.2,73.1,4.8,140.7,21135.0,2167.0
"Palm Desert city",23252.0,17.1,59.6,23.2,94.3,10301.0,12951.0
"Dublin city",23229.0,22.6,74.1,3.3,129.4,18444.0,4785.0
"Laguna Beach city",23170.0,13.4,72.7,13.9,104.6,12651.0,10519.0
"Atascadero city",23138.0,29.0,59.8,11.2,92.5,9834.0,13304.0
"El Cerrito city",22869.0,16.1,62.7,21.2,86.2,8279.0,14590.0
"Rosemont CDP",22851.0,28.9,65.7,5.5,91.7,9529.0,13322.0
"Cudahy city",22817.0,38.2,57.8,4.0,102.0,11865.0,10952.0
"Delano city",22762.0,34.4,55.1,10.5,100.1,11404.0,11358.0
"Lennox CDP",22757.0,37.5,58.9,3.7,124.2,16886.0,5871.0
"Suisun City city",22686.0,37.1,59.4,3.5,97.2,10708.0,11978.0
"San Fernando city",22580.0,34.3,58.2,7.5,102.3,11809.0,10771.0
"Atwater city",22282.0,35.6,57.7,6.7,94.2,9849.0,12433.0
"Fallbrook CDP",22095.0,29.5,58.3,12.2,98.0,10606.0,11489.0
"South Lake Tahoe city",21586.0,23.7,67.9,8.4,106.6,12218.0,9368.0
"Barstow city",21472.0,30.9,60.1,9.0,98.5,10414.0,11058.0
"Perris city",21460.0,34.2,56.2,9.6,94.5,9550.0,11910.0
"South El Monte city",20850.0,34.0,60.5,5.5,110.1,12531.0,8319.0
"Duarte city",20688.0,28.5,60.1,11.4,88.7,8006.0,12682.0
"Banning city",20570.0,28.4,50.4,21.1,87.9,7796.0,12774.0
"Millbrae city",20412.0,19.5,61.1,19.4,87.9,7736.0,12676.0
"Isla Vista CDP",20395.0,6.3,91.5,2.2,109.0,12033.0,8362.0
"Agoura Hills city",20390.0,31.2,65.0,3.8,94.2,9012.0,11378.0
"Port Hueneme city",20319.0,27.5,62.6,9.9,111.9,12577.0,7742.0
"West Puente Valley CDP",20254.0,32.4,62.1,5.5,99.7,10066.0,10188.0
"West Carson CDP",20143.0,21.7,65.5,12.8,92.3,8520.0,11623.0
"San Lorenzo CDP",19987.0,23.1,60.4,16.5,91.0,8195.0,11792.0
"Lomita city",19382.0,23.4,65.4,11.2,89.8,7714.0,11668.0
"La Canada Flintridge city",19378.0,25.1,61.4,13.5,94.2,8565.0,10813.0
"Hollister city",19212.0,32.9,58.2,8.9,99.9,9587.0,9625.0
"Rocklin city",19033.0,28.4,62.4,9.2,93.9,8355.0,10678.0
"Brawley city",18923.0,35.8,55.3,8.9,90.8,7721.0,11202.0
"Valinda CDP",18735.0,33.3,60.6,6.1,99.5,9274.0,9461.0
"Calexico city",18633.0,37.5,54.2,8.4,83.2,6186.0,12447.0
"El Paso de Robles (Paso Robles) city",18583.0,29.3,56.6,14.1,93.6,8102.0,10481.0
"Oakley CDP",18374.0,33.1,61.1,5.8,100.6,9297.0,9077.0
"Lake Elsinore city",18285.0,33.6,58.0,8.5,102.2,9545.0,8740.0
"Hermosa Beach city",18219.0,10.4,83.8,5.8,122.0,13118.0,5101.0
"Stanford CDP",18097.0,7.6,88.6,3.8,144.8,17156.0,941.0
"South San Jose Hills CDP",17814.0,34.9,60.0,5.1,101.5,9174.0,8640.0
"East Hemet CDP",17611.0,30.0,54.3,15.6,89.5,6956.0,10655.0
"Elk Grove CDP",17483.0,32.5,60.0,7.5,90.5,7081.0,10402.0
"Pinole city",17460.0,25.1,65.1,9.8,91.6,7263.0,10197.0
"West Pittsburg CDP",17453.0,31.2,61.0,7.8,97.7,8325.0,9128.0
"Loma Linda city",17400.0,23.8,62.3,13.9,85.7,6212.0,11188.0
"Foothill Farms CDP",17135.0,27.5,65.6,6.9,89.4,6751.0,10384.0
"La Crescenta-Montrose CDP",16968.0,23.5,65.3,11.3,92.3,7177.0,9791.0
"Coachella city",16896.0,40.4,54.7,4.9,103.6,9056.0,7840.0
"Sanger city",16839.0,34.2,55.4,10.4,93.8,7375.0,9464.0
"Hercules city",16829.0,30.1,65.5,4.5,91.8,7035.0,9794.0
"Orinda city",16642.0,22.2,61.6,16.3,93.7,7273.0,9369.0
"Ashland CDP",16590.0,23.4,64.0,12.6,90.3,6686.0,9904.0
"Albany city",16327.0,21.6,65.4,13.0,83.2,5421.0,10906.0
"San Jacinto city",16210.0,28.4,49.9,21.7,89.6,6419.0,9791.0
"Pacific Grove city",16117.0,17.6,63.3,19.0,81.8,5125.0,10992.0
"Moraga Town city",15852.0,21.2,66.9,11.9,90.2,6373.0,9479.0
"Reedley city",15791.0,31.5,56.8,11.8,106.4,8906.0,6885.0
"Mira Loma CDP",15786.0,33.7,61.1,5.1,103.4,8430.0,7356.0
"Santa Fe Springs city",15520.0,28.8,59.6,11.6,90.7,6317.0,9203.0
"Artesia city",15464.0,28.0,60.8,11.2,97.6,7361.0,8103.0
"La Palma city",15392.0,25.1,69.5,5.4,98.1,7404.0,7988.0
"El Segundo city",15223.0,18.8,71.6,9.6,98.5,7383.0,7840.0
"Live Oak CDP",15212.0,23.7,62.1,14.2,86.7,5583.0,9629.0
"Arcata city",15197.0,17.7,72.8,9.5,101.1,7766.0,7431.0
"Bloomington CDP",15116.0,33.8,58.1,8.1,98.2,7286.0,7830.0
"Sun City CDP",14930.0,11.0,32.8,56.2,77.5,4106.0,10824.0
"East Foothills CDP",14898.0,25.7,61.9,12.4,97.5,7077.0,7821.0
"Selma city",14757.0,33.2,55.1,11.8,91.9,6183.0,8574.0
"Walnut Park CDP",14722.0,32.6,61.0,6.4,100.4,7420.0,7302.0
"Ukiah city",14599.0,27.7,57.0,15.2,85.3,5153.0,9446.0
"Los Banos city",14519.0,31.9,55.4,12.7,92.9,6229.0,8290.0
"Arroyo Grande city",14378.0,23.4,56.7,19.9,87.8,5435.0,8943.0
"Baywood-Los Osos CDP",14377.0,23.4,59.4,17.2,92.5,6110.0,8267.0
"Avocado Heights CDP",14232.0,30.7,62.2,7.1,101.4,7315.0,6917.0
"North Fair Oaks CDP",13912.0,30.2,63.3,6.4,116.3,9224.0,4688.0
"Carpinteria city",13747.0,23.8,63.7,12.5,101.0,7011.0,6736.0
"Vincent CDP",13713.0,32.2,61.2,6.5,98.9,6706.0,7007.0
"Yucca Valley CDP",13701.0,23.4,49.3,27.3,80.7,4206.0,9495.0
"Bostonia CDP",13670.0,26.4,61.6,12.0,89.9,5454.0,8216.0
"Hawaiian Gardens city",13639.0,35.5,59.5,5.0,108.6,7992.0,5647.0
"Lemoore city",13622.0,32.9,60.6,6.5,94.5,6062.0,7560.0
"Palos Verdes Estates city",13512.0,21.1,64.6,14.4,94.3,5986.0,7526.0
"Windsor CDP",13371.0,27.2,60.1,12.7,96.4,6204.0,7167.0
"Corcoran city",13364.0,23.2,71.9,4.8,286.0,31539.0,-18175.0
"Ramona CDP",13040.0,32.5,59.7,7.7,100.1,6533.0,6507.0
"Mill Valley city",13038.0,17.5,68.2,14.3,81.2,4068.0,8970.0
"Linda CDP",13033.0,38.5,53.1,8.3,92.5,5539.0,7494.0
"Solana Beach city",12962.0,16.8,69.0,14.2,99.5,6416.0,6546.0
"San Marino city",12959.0,25.5,59.0,15.5,89.2,5080.0,7879.0
"Dinuba city",12743.0,33.4,54.7,11.9,100.9,6486.0,6257.0
"East San Gabriel CDP",12736.0,21.2,64.9,13.9,92.0,5349.0,7387.0
"Glen Avon CDP",12663.0,28.7,56.9,14.4,94.1,5584.0,7079.0
"Bonita CDP",12542.0,25.7,64.3,10.0,95.3,5682.0,6860.0
"Wasco city",12412.0,38.3,53.8,7.9,97.5,5896.0,6516.0
"Red Bluff city",12363.0,28.4,55.2,16.3,84.8,4302.0,8061.0
"Marysville city",12324.0,26.9,59.1,14.0,92.1,5188.0,7136.0
"Alamo CDP",12277.0,25.2,65.8,9.0,97.7,5856.0,6421.0
"Alondra Park CDP",12215.0,26.2,64.3,9.6,99.7,6071.0,6144.0
"Commerce city",12135.0,33.0,57.3,9.7,97.3,5740.0,6395.0
"Fillmore city",11992.0,33.0,55.5,11.5,105.1,6608.0,5384.0
"Oakdale city",11961.0,27.9,57.6,14.6,87.2,4449.0,7512.0
"Oroville city",11960.0,30.5,52.1,17.4,85.1,4198.0,7762.0
"Cameron Park CDP",11897.0,27.1,62.4,10.5,93.4,5163.0,6734.0
"Twentynine Palms city",11821.0,30.4,60.4,9.3,98.6,5745.0,6076.0
"Clearlake city",11804.0,24.1,51.0,24.9,87.9,4474.0,7330.0
"View Park-Windsor Hills CDP",11769.0,17.6,66.0,16.4,81.5,3707.0,8062.0
"San Anselmo town",11743.0,19.4,67.8,12.9,86.2,4251.0,7492.0
"Los Alamitos city",11676.0,23.7,65.9,10.4,90.9,4775.0,6901.0
"Desert Hot Springs city",11668.0,29.2,56.2,14.5,91.3,4819.0,6849.0
"Grover City city",11656.0,25.6,62.1,12.2,92.3,4930.0,6726.0
"Lamont CDP",11517.0,36.9,55.8,7.4,104.0,6219.0,5298.0
"Rancho Santa Margarita CDP",11390.0,26.1,71.9,2.0,101.2,5832.0,5558.0
"La Quinta city",11215.0,29.9,60.5,9.6,99.2,5518.0,5697.0
"Cherryland CDP",11088.0,24.2,63.5,12.3,92.9,4757.0,6331.0
"Larkspur city",11070.0,13.0,66.4,20.7,78.9,3199.0,7871.0
"La Riviera CDP",10986.0,22.9,71.2,5.9,98.2,5295.0,5691.0
"Grand Terrace city",10946.0,27.8,62.9,9.3,93.4,4751.0,6195.0
"Sierra Madre city",10762.0,19.1,65.8,15.1,89.9,4294.0,6468.0
"McKinleyville CDP",10749.0,28.1,62.4,9.5,96.4,4988.0,5761.0
"Hillsborough town",10667.0,22.2,61.0,16.8,90.6,4331.0,6336.0
"Piedmont city",10602.0,26.9,58.5,14.6,86.7,3891.0,6711.0
"Auburn city",10592.0,21.7,58.1,20.2,83.3,3527.0,7065.0
"Wildomar CDP",10411.0,27.1,57.1,15.8,93.5,4529.0,5882.0
"Dixon city",10401.0,31.4,60.6,8.1,97.8,4972.0,5429.0
"North Auburn CDP",10301.0,22.9,56.1,21.0,90.0,4120.0,6181.0
"Capitola city",10171.0,18.0,65.8,16.2,89.1,3977.0,6194.0
"Rossmoor CDP",9893.0,20.6,62.0,17.4,91.3,4086.0,5807.0
"El Sobrante CDP",9852.0,23.2,64.3,12.5,94.4,4374.0,5478.0
"Laguna CDP",9828.0,30.0,66.1,3.9,94.6,4383.0,5445.0
"Rancho Mirage city",9778.0,9.8,52.2,37.9,91.1,4019.0,5759.0
"Avenal city",9770.0,21.2,74.1,4.7,146.0,9379.0,391.0
"Olivehurst CDP",9738.0,34.8,55.2,10.0,93.0,4187.0,5551.0
"Alpine CDP",9695.0,25.2,62.9,12.0,98.4,4692.0,5003.0
"Beaumont city",9685.0,30.3,55.1,14.6,88.9,3767.0,5918.0
"Morro Bay city",9664.0,15.2,58.9,25.9,89.9,3856.0,5808.0
"Quartz Hill CDP",9626.0,31.1,60.9,7.9,97.6,4582.0,5044.0
"Tamalpais-Homestead Valley CDP",9601.0,17.8,74.1,8.2,93.0,4128.0,5473.0
"Citrus CDP",9481.0,33.7,61.4,5.0,98.7,4617.0,4864.0
"Rio Linda CDP",9481.0,30.5,61.3,8.1,96.8,4437.0,5044.0
"Healdsburg city",9469.0,26.3,58.3,15.4,88.3,3627.0,5842.0
"East La Mirada CDP",9367.0,24.5,65.6,9.9,94.7,4187.0,5180.0
"Country Club CDP",9325.0,23.2,59.5,17.4,92.0,3916.0,5409.0
"Arvin city",9286.0,36.9,55.6,7.5,106.1,5209.0,4077.0
"Soquel CDP",9188.0,22.9,64.6,12.5,87.5,3446.0,5742.0
"Aptos CDP",9061.0,19.4,67.1,13.5,93.7,3960.0,5101.0
"Grass Valley city",9048.0,23.1,53.4,23.4,71.2,1918.0,7130.0
"Fairview CDP",9045.0,24.3,66.2,9.6,95.7,4134.0,4911.0
"Magalia CDP",8987.0,17.3,47.1,35.6,90.2,3613.0,5374.0
"Rio del Mar CDP",8919.0,18.7,65.8,15.4,94.6,3978.0,4941.0
"Galt city",8889.0,30.6,57.0,12.4,93.7,3884.0,5005.0
"Half Moon Bay city",8886.0,24.2,66.5,9.3,102.4,4656.0,4230.0
"Pedley CDP",8869.0,33.1,60.5,6.3,97.8,4239.0,4630.0
"West Athens CDP",8859.0,31.6,63.1,5.3,93.5,3854.0,5005.0
"Charter Oak CDP",8858.0,26.6,64.4,8.9,89.6,3508.0,5350.0
"South Yuba City CDP",8816.0,28.9,61.2,9.9,96.6,4108.0,4708.0
"Fortuna city",8788.0,25.2,55.7,19.1,85.5,3120.0,5668.0
"Roseland CDP",8779.0,31.5,59.5,9.0,93.3,3801.0,4978.0
"Valle Vista CDP",8751.0,16.4,40.8,42.8,82.9,2879.0,5872.0
"Patterson city",8626.0,36.1,55.3,8.6,99.0,4227.0,4399.0
"Scotts Valley city",8615.0,23.3,62.0,14.7,93.1,3713.0,4902.0
"Crestline CDP",8594.0,29.5,62.1,8.4,97.5,4082.0,4512.0
"Garden Acres CDP",8547.0,30.8,58.4,10.8,102.0,4444.0,4103.0
"Riverbank city",8547.0,33.2,57.9,8.9,94.4,3795.0,4752.0
"Adelanto city",8517.0,36.4,58.3,5.3,100.5,4301.0,4216.0
"Oroville East CDP",8462.0,19.4,53.7,26.9,93.0,3639.0,4823.0
"Blythe city",8428.0,33.6,56.7,9.7,97.0,3961.0,4467.0
"Shafter city",8409.0,35.3,54.4,10.3,93.0,3616.0,4793.0
"Signal Hill city",8371.0,21.6,68.8,9.7,104.1,4529.0,3842.0
"Freedom CDP",8361.0,33.8,57.1,9.1,100.4,4214.0,4147.0
"Placerville city",8355.0,23.4,56.7,19.9,83.1,2766.0,5589.0
"Lindsay city",8338.0,34.3,53.5,12.1,95.4,3785.0,4553.0
"Anderson city",8299.0,32.4,53.0,14.6,77.8,2307.0,5992.0
"Corte Madera town",8272.0,17.9,68.6,13.6,88.0,3143.0,5129.0
"Coalinga city",8212.0,32.1,56.8,11.0,92.9,3523.0,4689.0
"Sonoma city",8121.0,18.1,51.4,30.5,72.8,1852.0,6269.0
"Del Aire CDP",8040.0,24.0,64.4,11.7,100.0,4020.0,4020.0
"Lake Los Angeles CDP",7977.0,40.5,56.7,2.8,101.6,4116.0,3861.0
"East Compton CDP",7967.0,39.2,57.6,3.2,98.1,3832.0,4135.0
"Canyon Lake CDP",7938.0,27.2,58.9,13.9,99.1,3898.0,4040.0
"Parlier city",7938.0,39.7,55.3,5.0,113.4,5033.0,2905.0
"Ben Lomond CDP",7884.0,27.8,65.3,6.9,102.6,4147.0,3737.0
"Woodcrest CDP",7796.0,27.8,65.1,7.1,101.0,3976.0,3820.0
"Rolling Hills Estates city",7789.0,21.7,65.4,12.9,93.2,3365.0,4424.0
"Home Gardens CDP",7780.0,34.5,59.8,5.7,108.6,4559.0,3221.0
"Mira Monte CDP",7744.0,24.6,59.5,15.9,96.0,3562.0,4182.0
"American Canyon CDP",7706.0,26.1,60.7,13.3,93.6,3360.0,4346.0
"South San Gabriel CDP",7700.0,27.2,62.1,10.6,97.0,3619.0,4081.0
"Pismo Beach city",7669.0,14.7,61.4,23.8,94.8,3436.0,4233.0
"King City city",7634.0,33.2,58.6,8.2,111.5,4695.0,2939.0
"Ojai city",7613.0,23.9,56.2,19.9,81.4,2390.0,5223.0
"Aliso Viejo CDP",7612.0,20.7,75.8,3.5,89.6,3014.0,4598.0
"Rodeo CDP",7589.0,29.3,59.8,10.9,88.5,2922.0,4667.0
"Brentwood city",7563.0,32.2,59.1,8.7,96.0,3479.0,4084.0
"Winton CDP",7559.0,38.8,55.4,5.8,97.8,3613.0,3946.0
"Muscoy CDP",7541.0,37.8,55.4,6.7,100.8,3831.0,3710.0
"Tiburon town",7532.0,17.9,67.9,14.2,85.0,2636.0,4896.0
"Los Altos Hills town",7514.0,21.1,65.6,13.3,99.9,3749.0,3765.0
"Greenfield city",7464.0,38.6,55.9,5.6,105.4,4135.0,3329.0
"South Oroville CDP",7463.0,33.6,52.6,13.8,87.2,2776.0,4687.0
"Ripon city",7455.0,34.0,56.8,9.2,92.7,3183.0,4272.0
"Westlake Village city",7455.0,21.1,65.8,13.1,91.2,3071.0,4384.0
"Marina del Rey CDP",7431.0,4.3,87.0,8.7,117.3,5001.0,2430.0
"Rosamond CDP",7430.0,30.7,62.1,7.3,107.4,4265.0,3165.0
"Prunedale CDP",7393.0,28.8,63.3,7.9,97.8,3534.0,3859.0
"Greenacres CDP",7379.0,31.6,61.1,7.3,99.3,3638.0,3741.0
"Clayton city",7317.0,29.5,65.1,5.4,97.9,3505.0,3812.0
"Livingston city",7317.0,38.8,56.4,4.8,107.2,4185.0,3132.0
"Susanville city",7279.0,28.6,56.9,14.5,91.7,3035.0,4244.0
"Exeter city",7276.0,30.8,53.6,15.6,86.2,2634.0,4642.0
"Lincoln city",7248.0,31.7,57.9,10.3,91.7,3022.0,4226.0
"Kingsburg city",7205.0,30.9,54.1,15.0,85.4,2551.0,4654.0
"Atherton town",7163.0,19.6,61.9,18.5,94.5,3188.0,3975.0
"Sausalito city",7152.0,8.7,80.6,10.7,98.2,3447.0,3705.0
"Soledad city",7146.0,37.2,57.0,5.7,107.7,4123.0,3023.0
"Nipomo CDP",7109.0,29.9,56.8,13.3,96.1,3277.0,3832.0
"Los Serranos CDP",7099.0,31.7,61.7,6.6,101.9,3684.0,3415.0
"McFarland city",7005.0,39.6,53.0,7.4,104.0,3783.0,3222.0
"Sebastopol city",7004.0,25.5,57.3,17.2,76.2,1835.0,5169.0
"Rancho San Diego CDP",6977.0,29.9,66.5,3.6,98.0,3349.0,3628.0
"Yreka city",6948.0,26.3,54.9,18.9,80.7,2133.0,4815.0
"Fairfax town",6931.0,19.6,70.8,9.6,90.4,2800.0,4131.0
"San Diego Country Estates CDP",6874.0,33.0,58.2,8.8,98.5,3334.0,3540.0
"Lathrop city",6841.0,34.7,58.9,6.4,102.0,3557.0,3284.0
"Mendota city",6821.0,37.7,57.7,4.6,131.0,5525.0,1296.0
"Larkfield-Wikiup CDP",6779.0,25.4,63.5,11.1,93.4,2942.0,3837.0
"Boulder Creek CDP",6725.0,28.5,66.1,5.4,106.0,3766.0,2959.0
"Lake Arrowhead CDP",6539.0,30.1,61.2,8.7,104.4,3557.0,2982.0
"Ione city",6516.0,11.0,84.6,4.3,593.4,35408.0,-28892.0
"El Rio CDP",6419.0,31.0,59.4,9.6,107.8,3710.0,2709.0
"Interlaken CDP",6404.0,32.9,59.7,7.4,103.4,3420.0,2984.0
"El Dorado Hills CDP",6395.0,31.7,62.1,6.2,97.5,3038.0,3357.0
"August CDP",6376.0,27.0,59.8,13.2,97.7,3041.0,3335.0
"Ladera Heights CDP",6316.0,17.2,63.2,19.7,83.5,2116.0,4200.0
"Villa Park city",6299.0,23.7,69.4,7.0,96.0,2898.0,3401.0
"Farmersville city",6235.0,39.2,52.2,8.6,97.6,2968.0,3267.0
"La Habra Heights city",6226.0,22.4,65.5,12.1,98.4,3013.0,3213.0
"Blackhawk CDP",6199.0,28.2,67.7,4.1,101.1,3168.0,3031.0
"Oceano CDP",6169.0,29.3,59.3,11.4,99.5,3054.0,3115.0
"Fort Bragg city",6078.0,25.1,58.8,16.1,88.1,2316.0,3762.0
"Kentfield CDP",6030.0,20.1,63.2,16.7,91.0,2472.0,3558.0
"Willows city",5988.0,32.5,54.5,13.0,90.5,2425.0,3563.0
"Lucas Valley-Marinwood CDP",5982.0,24.1,65.5,10.4,87.3,2231.0,3751.0
"Boyes Hot Springs CDP",5973.0,25.3,63.6,11.1,101.2,3058.0,2915.0
"Vandenberg Village CDP",5971.0,21.9,61.7,16.4,91.7,2490.0,3481.0
"California City city",5955.0,31.3,60.4,8.2,102.6,3132.0,2823.0
"Cherry Valley CDP",5945.0,21.2,53.5,25.3,88.6,2295.0,3650.0
"Opal Cliffs CDP",5940.0,17.9,68.1,14.0,99.5,2940.0,3000.0
"Chowchilla city",5930.0,28.8,53.6,17.5,86.8,2182.0,3748.0
"East Pasadena CDP",5910.0,23.6,61.9,14.5,97.0,2778.0,3132.0
"Taft city",5902.0,26.8,60.1,13.1,97.6,2809.0,3093.0
"Earlimart CDP",5881.0,42.3,51.8,5.9,107.7,3393.0,2488.0
"Corning city",5870.0,31.4,53.2,15.4,84.3,2013.0,3857.0
"Tehachapi city",5791.0,30.4,57.0,12.6,95.6,2641.0,3150.0
"East Porterville CDP",5790.0,36.7,53.7,9.6,103.6,3103.0,2687.0
"Emeryville city",5740.0,12.5,78.7,8.7,98.1,2761.0,2979.0
"Cotati city",5714.0,26.4,67.0,6.6,87.7,2154.0,3560.0
"Alta Sierra CDP",5709.0,23.0,56.3,20.7,94.9,2563.0,3146.0
"Bonadelle Ranchos-Madera Ranchos CDP",5705.0,34.5,60.4,5.1,98.9,2790.0,2915.0
"Loomis town",5705.0,28.9,61.1,10.0,99.0,2795.0,2910.0
"Woodlake city",5678.0,37.4,53.8,8.8,102.4,2975.0,2703.0
"Mentone CDP",5675.0,29.3,59.2,11.5,91.5,2355.0,3320.0
"Thermalito CDP",5646.0,27.0,54.6,18.4,89.8,2247.0,3399.0
"Palm Desert Country CDP",5626.0,16.4,61.1,22.5,89.2,2205.0,3421.0
"Orange Cove city",5604.0,39.1,54.8,6.1,122.8,4080.0,1524.0
"March AFB CDP",5523.0,26.5,68.5,5.0,174.6,6882.0,-1359.0
"Orosi CDP",5486.0,35.4,55.6,9.0,121.4,3917.0,1569.0
"Guadalupe city",5479.0,37.1,55.0,7.8,106.2,3079.0,2400.0
"West Compton CDP",5451.0,29.2,62.2,8.6,86.9,2011.0,3440.0
"Kerman city",5448.0,35.7,54.6,9.7,92.5,2315.0,3133.0
"Golden Hills CDP",5423.0,37.6,57.1,5.3,101.3,2782.0,2641.0
"Cambria CDP",5382.0,17.4,58.2,24.4,89.4,2121.0,3261.0
"Twin Lakes CDP",5379.0,17.1,68.0,14.9,95.4,2442.0,2937.0
"Big Bear Lake city",5351.0,23.2,63.3,13.5,101.5,2756.0,2595.0
"Discovery Bay CDP",5351.0,21.0,72.4,6.6,104.0,2890.0,2461.0
"Felton CDP",5350.0,25.6,64.5,9.9,99.7,2659.0,2691.0
"Castroville CDP",5272.0,37.5,56.5,6.0,107.5,3031.0,2241.0
"Palermo CDP",5260.0,26.5,56.9,16.6,93.6,2293.0,2967.0
"Madera Acres CDP",5245.0,37.7,58.1,4.3,100.2,2633.0,2612.0
"Needles city",5191.0,29.6,53.9,16.5,89.5,2050.0,3141.0
"Lakeland Village CDP",5159.0,27.4,61.0,11.6,104.8,2827.0,2332.0
"Del Monte Forest CDP",5069.0,13.2,54.1,32.7,88.4,1946.0,3123.0
"Orland city",5052.0,30.4,52.7,16.9,85.0,1768.0,3284.0
"Woodside town",5035.0,19.7,65.8,14.6,95.3,2281.0,2754.0
"Willits city",5027.0,31.0,55.4,13.6,87.0,1860.0,3167.0
"Tara Hills CDP",4998.0,23.6,68.7,7.7,95.9,2294.0,2704.0
"St. Helena city",4990.0,21.3,53.6,25.1,83.8,1687.0,3303.0
"Mayflower Village CDP",4978.0,23.4,60.2,16.4,87.7,1877.0,3101.0
"Kensington CDP",4974.0,16.1,61.4,22.5,87.5,1865.0,3109.0
"Colusa city",4934.0,30.5,57.6,11.9,98.3,2383.0,2551.0
"Cloverdale city",4924.0,28.6,57.6,13.7,97.6,2344.0,2580.0
"Big Bear City CDP",4920.0,30.5,58.8,10.7,92.6,2096.0,2824.0
"Burbank CDP",4902.0,22.1,65.8,12.1,96.5,2279.0,2623.0
"Del Mar city",4860.0,12.3,75.8,11.9,104.3,2639.0,2221.0
"Holtville city",4820.0,35.2,55.2,9.6,88.4,1851.0,2969.0
"Mammoth Lakes town",4785.0,21.8,75.9,2.3,135.6,4096.0,689.0
"Durham CDP",4784.0,27.5,59.5,13.0,103.5,2559.0,2225.0
"Waterford city",4771.0,35.4,54.0,10.7,95.5,2171.0,2600.0
"Huron city",4766.0,35.1,62.4,2.5,166.3,5543.0,-777.0
"Solvang city",4741.0,19.6,57.0,23.4,84.0,1612.0,3129.0
"Rosedale CDP",4673.0,33.6,61.3,5.0,101.2,2393.0,2280.0
"Gonzales city",4660.0,37.5,55.8,6.7,107.9,2698.0,1962.0
"Calimesa CDP",4647.0,23.6,51.6,24.7,87.0,1719.0,2928.0
"Winters city",4639.0,33.3,57.9,8.8,93.9,2037.0,2602.0
"Gridley city",4631.0,29.9,52.1,17.9,83.5,1551.0,3080.0
"Bermuda Dunes CDP",4571.0,23.0,65.1,12.0,93.2,1975.0,2596.0
"Salida CDP",4499.0,33.3,58.9,7.7,100.5,2272.0,2227.0
"El Cerrito CDP",4490.0,33.9,60.9,5.2,102.5,2357.0,2133.0
"Calistoga city",4468.0,19.7,52.4,27.8,86.7,1640.0,2828.0
"Cutler CDP",4450.0,40.2,56.2,3.7,142.9,4134.0,316.0
"Escalon city",4437.0,30.2,54.1,15.7,88.7,1717.0,2720.0
"Firebaugh city",4429.0,39.6,53.9,6.5,108.2,2578.0,1851.0
"El Granada CDP",4426.0,26.7,67.7,5.6,105.8,2470.0,1956.0
"Myrtletown CDP",4413.0,27.0,59.4,13.6,89.8,1756.0,2657.0
"Carmel Valley Village CDP",4407.0,21.1,63.8,15.0,92.2,1860.0,2547.0
"Lakeport city",4390.0,22.8,55.2,22.0,87.5,1646.0,2744.0
"Crescent City city",4380.0,31.2,54.9,13.9,84.1,1494.0,2886.0
"Strawberry CDP",4377.0,15.6,71.7,12.7,87.1,1624.0,2753.0
"Central Valley CDP",4340.0,30.4,55.5,14.1,87.5,1628.0,2712.0
"Live Oak city",4320.0,32.2,57.5,10.4,92.5,1836.0,2484.0
"Pollock Pines CDP",4291.0,25.8,59.4,14.8,97.2,2025.0,2266.0
"Quincy-East Quincy CDP",4271.0,27.3,58.8,14.0,92.4,1811.0,2460.0
"Carmel-by-the-Sea city",4239.0,10.0,55.1,34.8,71.8,924.0,3315.0
"Lincoln Village CDP",4236.0,25.9,59.5,14.6,88.1,1614.0,2622.0
"Rancho Rinconada CDP",4206.0,24.8,68.3,7.0,109.9,2519.0,1687.0
"Santa Ynez CDP",4200.0,25.0,61.5,13.4,90.9,1718.0,2482.0
"Dos Palos city",4196.0,35.5,53.0,11.5,94.0,1846.0,2350.0
"Running Springs CDP",4195.0,30.2,62.9,6.9,102.6,2207.0,1988.0
"Portola Valley town",4194.0,19.0,62.0,19.0,94.4,1862.0,2332.0
"Sonora city",4153.0,20.3,58.9,20.8,82.5,1350.0,2803.0
"Newman city",4151.0,33.9,55.2,10.9,94.5,1847.0,2304.0
"South Santa Rosa CDP",4128.0,27.6,61.1,11.3,99.5,2043.0,2085.0
"Thousand Palms CDP",4122.0,23.9,48.8,27.3,94.4,1830.0,2292.0
"Imperial city",4113.0,33.1,58.9,8.1,89.3,1616.0,2497.0
"Bayview-Montalvin CDP",3988.0,31.7,62.3,6.0,94.2,1763.0,2225.0
"West Menlo Park CDP",3959.0,17.8,63.0,19.2,82.9,1303.0,2656.0
"Gustine city",3931.0,26.9,55.1,18.0,92.4,1667.0,2264.0
"Joshua Tree CDP",3898.0,25.5,49.7,24.8,85.6,1388.0,2510.0
"Lake Of The Pines CDP",3890.0,24.0,50.5,25.5,92.0,1634.0,2256.0
"Wilton CDP",3858.0,27.0,65.5,7.5,99.5,1910.0,1948.0
"Crescent City North CDP",3853.0,32.6,55.6,11.7,92.6,1641.0,2212.0
"Lake San Marcos CDP",3802.0,4.8,33.6,61.6,79.1,1106.0,2696.0
"Arnold CDP",3788.0,23.9,56.3,19.8,97.5,1799.0,1989.0
"Ford City CDP",3781.0,30.6,55.4,14.0,89.0,1475.0,2306.0
"Sunnyslope CDP",3766.0,33.4,58.9,7.7,96.2,1740.0,2026.0
"Mojave CDP",3763.0,31.8,59.9,8.2,110.6,2280.0,1483.0
"Broadmoor CDP",3739.0,23.4,62.1,14.4,91.6,1555.0,2184.0
"Denair CDP",3693.0,34.2,55.6,10.2,92.4,1566.0,2127.0
"Oak View CDP",3606.0,30.7,60.7,8.6,100.3,1814.0,1792.0
"Morada CDP",3570.0,23.5,61.5,15.1,99.9,1781.0,1789.0
"Phoenix Lake-Cedar Ridge CDP",3569.0,25.2,58.6,16.1,95.6,1627.0,1942.0
"Jackson city",3545.0,19.2,49.5,31.3,80.1,1067.0,2478.0
"Planada CDP",3531.0,38.9,53.8,7.3,111.3,2165.0,1366.0
"Buellton CDP",3506.0,25.1,59.5,15.4,98.9,1714.0,1792.0
"Angwin CDP",3503.0,18.3,71.5,10.2,92.7,1496.0,2007.0
"El Verano CDP",3498.0,28.5,61.7,9.8,92.7,1494.0,2004.0
"Truckee CDP",3484.0,27.8,65.0,7.1,110.5,2108.0,1376.0
"Bishop city",3475.0,20.8,56.0,23.2,86.6,1272.0,2203.0
"Mount Shasta city",3460.0,27.4,56.9,15.7,82.8,1135.0,2325.0
"Woodbridge CDP",3456.0,31.2,60.0,8.9,104.8,1894.0,1562.0
"Burney CDP",3423.0,31.7,55.3,13.0,93.9,1503.0,1920.0
"Hilmar-Irwin CDP",3392.0,29.7,56.4,13.9,95.4,1540.0,1852.0
"North El Monte CDP",3384.0,23.8,61.3,14.9,87.6,1272.0,2112.0
"Weaverville CDP",3370.0,26.9,55.1,18.0,86.3,1223.0,2147.0
"Santa Venetia CDP",3362.0,20.3,65.6,14.1,93.2,1452.0,1910.0
"Pajaro CDP",3332.0,37.4,58.0,4.7,127.0,2566.0,766.0
"Meiners Oaks CDP",3329.0,28.4,57.1,14.5,88.8,1292.0,2037.0
"Emerald Lake Hills CDP",3328.0,22.6,67.4,10.0,99.3,1641.0,1687.0
"Pacheco CDP",3325.0,15.9,65.2,18.9,87.0,1230.0,2095.0
"Lake Isabella CDP",3323.0,22.2,47.1,30.8,85.1,1166.0,2157.0
"Channel Islands Beach CDP",3317.0,19.2,74.6,6.2,122.4,2402.0,915.0
"Rio Vista city",3316.0,25.0,57.3,17.8,94.2,1466.0,1850.0
"Homeland CDP",3312.0,16.8,41.7,41.5,89.9,1321.0,1991.0
"Wrightwood CDP",3308.0,29.1,61.2,9.7,98.7,1611.0,1697.0
"Ivanhoe CDP",3293.0,36.3,54.1,9.6,99.9,1643.0,1650.0
"Monte Sereno city",3287.0,21.5,67.4,11.1,96.3,1522.0,1765.0
"Casa Conejo CDP",3286.0,26.4,66.3,7.3,100.6,1663.0,1623.0
"Delhi CDP",3280.0,34.7,56.4,8.9,100.4,1653.0,1627.0
"East Richmond Heights CDP",3266.0,21.1,65.7,13.2,92.8,1398.0,1868.0
"Hughson city",3259.0,31.6,57.3,11.0,91.6,1356.0,1903.0
"Yountville town",3259.0,10.3,41.8,47.9,177.1,4142.0,-883.0
"Alturas city",3231.0,27.4,54.8,17.8,87.9,1225.0,2006.0
"Crockett CDP",3228.0,19.4,64.4,16.2,93.4,1401.0,1827.0
"Vine Hill CDP",3214.0,28.0,64.7,7.3,100.7,1629.0,1585.0
"Fowler city",3208.0,31.8,53.8,14.4,89.6,1270.0,1938.0
"Trabuco Highlands CDP",3191.0,33.5,64.8,1.7,96.1,1471.0,1720.0
"Lenwood CDP",3190.0,34.6,58.8,6.6,99.0,1563.0,1627.0
"Highgrove CDP",3175.0,32.5,61.6,5.9,103.9,1711.0,1464.0
"Granite Hills CDP",3157.0,23.9,63.9,12.2,104.4,1717.0,1440.0
"Armona CDP",3122.0,37.4,54.5,8.1,93.0,1342.0,1780.0
"Mission Hills CDP",3112.0,30.4,61.3,8.3,97.6,1481.0,1631.0
"Loyola CDP",3076.0,21.1,64.3,14.6,96.4,1427.0,1649.0
"Meadow Vista CDP",3067.0,23.6,62.3,14.1,98.6,1491.0,1576.0
"Weed city",3062.0,26.9,54.4,18.7,86.0,1102.0,1960.0
"Palmdale East CDP",3052.0,36.3,55.7,7.9,98.3,1474.0,1578.0
"French Camp CDP",3018.0,22.1,70.9,7.0,233.0,5523.0,-2505.0
"Rio Dell city",3012.0,28.6,57.4,13.9,92.5,1280.0,1732.0
"Nuevo CDP",3010.0,30.0,58.2,11.8,98.1,1448.0,1562.0
"Sedco Hills CDP",3008.0,25.8,53.2,20.9,92.5,1278.0,1730.0
"Moss Beach CDP",3002.0,26.6,66.2,7.2,98.5,1456.0,1546.0
"Cambrian Park CDP",2998.0,24.3,62.9,12.8,98.9,1466.0,1532.0
"Cayucos CDP",2960.0,17.6,56.5,25.9,88.2,1131.0,1829.0
"Brisbane city",2952.0,18.2,72.4,9.4,104.2,1600.0,1352.0
"Pine Hills CDP",2947.0,27.5,63.1,9.4,94.3,1306.0,1641.0
"San Antonio Heights CDP",2935.0,24.8,65.8,9.5,98.7,1429.0,1506.0
"Avalon city",2918.0,25.4,62.9,11.7,110.1,1754.0,1164.0
"West Bishop CDP",2908.0,25.7,59.4,15.0,95.7,1329.0,1579.0
"Templeton CDP",2887.0,29.9,56.6,13.5,80.2,872.0,2015.0
"Keyes CDP",2878.0,28.4,55.3,16.3,95.2,1301.0,1577.0
"Tierra Buena CDP",2878.0,26.8,61.7,11.5,96.7,1344.0,1534.0
"Diamond Springs CDP",2872.0,29.0,53.3,17.6,86.1,1037.0,1835.0
"Humboldt Hill CDP",2865.0,24.9,61.1,14.0,96.0,1318.0,1547.0
"Kelseyville CDP",2861.0,29.5,51.0,19.5,83.9,970.0,1891.0
"Nevada City city",2855.0,21.8,59.1,19.1,88.9,1111.0,1744.0
"Coto De Caza CDP",2853.0,30.2,66.4,3.4,96.3,1321.0,1532.0
"Idyllwild-Pine Cove CDP",2853.0,23.7,60.5,15.9,86.8,1050.0,1803.0
"Day Valley CDP",2842.0,29.0,64.2,6.8,98.2,1370.0,1472.0
"Point Dume CDP",2809.0,14.4,68.1,17.5,91.0,1152.0,1657.0
"Kings Beach CDP",2796.0,26.4,69.8,3.8,136.2,2410.0,386.0
"Groveland-Big Oak Flat CDP",2753.0,18.7,54.9,26.4,96.9,1291.0,1462.0
"Searles Valley CDP",2740.0,34.3,56.5,9.2,106.8,1556.0,1184.0
"Terra Bella CDP",2740.0,37.9,54.8,7.3,118.2,1869.0,871.0
"Lockeford CDP",2722.0,30.0,56.9,13.1,99.4,1345.0,1377.0
"Calipatria city",2690.0,39.9,52.1,8.1,89.5,1063.0,1627.0
"Portola Hills CDP",2677.0,28.7,68.8,2.5,102.2,1397.0,1280.0
"Indian Wells city",2647.0,9.0,53.0,38.1,91.9,1109.0,1538.0
"Highlands CDP",2644.0,23.4,63.7,12.9,98.0,1269.0,1375.0
"Sutter CDP",2606.0,31.4,57.0,11.6,93.1,1123.0,1483.0
"Hayfork CDP",2605.0,30.4,58.5,11.2,99.1,1279.0,1326.0
"Oakhurst CDP",2602.0,21.9,51.2,26.9,79.6,770.0,1832.0
"Mono Vista CDP",2599.0,30.3,58.1,11.6,94.0,1144.0,1455.0
"Heber CDP",2566.0,36.7,57.1,6.2,87.5,962.0,1604.0
"Dixon Lane-Meadow Creek CDP",2561.0,24.6,52.2,23.3,88.7,991.0,1570.0
"Montara CDP",2552.0,26.5,67.8,5.8,98.7,1243.0,1309.0
"Corralitos CDP",2513.0,24.4,60.1,15.5,97.6,1196.0,1317.0
"Mountain View Acres CDP",2469.0,34.2,58.7,7.1,96.5,1148.0,1321.0
"Pixley CDP",2457.0,36.0,54.2,9.8,92.1,1034.0,1423.0
"Forestville CDP",2443.0,25.3,63.7,11.1,94.5,1087.0,1356.0
"Clearlake Oaks CDP",2419.0,16.5,47.5,36.0,86.3,878.0,1541.0
"Oak Park CDP",2412.0,30.3,64.7,5.0,94.4,1071.0,1341.0
"Angels city",2409.0,24.9,54.8,20.3,83.7,812.0,1597.0
"Hidden Meadows CDP",2371.0,18.1,59.4,22.6,98.7,1155.0,1216.0
"Yosemite Lakes CDP",2367.0,25.5,60.3,14.2,99.9,1181.0,1186.0
"Strathmore CDP",2353.0,36.3,52.3,11.4,90.1,944.0,1409.0
"Rancho Murieta CDP",2336.0,17.6,67.4,15.0,100.1,1170.0,1166.0
"Romoland CDP",2319.0,31.5,55.9,12.5,107.3,1329.0,990.0
"San Joaquin city",2311.0,42.9,51.4,5.8,108.5,1352.0,959.0
"Williams city",2297.0,34.3,51.8,13.8,101.6,1185.0,1112.0
"Aromas CDP",2275.0,29.6,61.7,8.7,96.2,1051.0,1224.0
"Wofford Heights CDP",2270.0,11.7,47.7,40.6,91.3,938.0,1332.0
"Jamul CDP",2258.0,28.5,65.3,6.2,102.5,1185.0,1073.0
"Borrego Springs CDP",2244.0,17.0,48.8,34.2,103.7,1205.0,1039.0
"Aptos Hills-Larkin Valley CDP",2205.0,22.5,65.4,12.1,97.1,1039.0,1166.0
"Frazier Park CDP",2201.0,28.6,59.2,12.2,101.3,1129.0,1072.0
"Portola city",2193.0,29.5,54.8,15.7,88.2,838.0,1355.0
"Jamestown CDP",2178.0,22.1,53.4,24.5,84.7,756.0,1422.0
"South Taft CDP",2170.0,31.0,58.3,10.7,102.0,1128.0,1042.0
"Twain Harte CDP",2170.0,25.0,58.5,16.5,94.4,963.0,1207.0
"Squaw Valley CDP",2161.0,23.8,58.5,17.7,103.1,1147.0,1014.0
"Desert View Highlands CDP",2154.0,31.4,59.6,9.1,97.9,1032.0,1122.0
"Belvedere city",2147.0,16.6,60.7,22.7,87.2,799.0,1348.0
"Glenshire-Devonshire CDP",2133.0,32.9,64.6,2.5,102.7,1124.0,1009.0
"Dunsmuir city",2129.0,26.5,52.8,20.6,92.6,907.0,1222.0
"Las Lomas CDP",2127.0,34.9,59.4,5.7,110.8,1293.0,834.0
"Nice CDP",2126.0,20.6,51.5,27.9,93.6,927.0,1199.0
"Ross town",2123.0,24.0,62.9,13.1,90.9,868.0,1255.0
"Harbison Canyon CDP",2122.0,27.5,65.2,7.3,103.0,1125.0,997.0
"Bethel Island CDP",2115.0,11.9,66.6,21.5,102.8,1117.0,998.0
"San Andreas CDP",2115.0,20.2,52.2,27.6,76.1,552.0,1563.0
"Boron CDP",2101.0,28.4,60.7,10.9,107.0,1198.0,903.0
"Chester CDP",2082.0,27.1,58.1,14.7,96.0,958.0,1124.0
"Lexington Hills CDP",2064.0,21.6,73.4,5.0,108.1,1199.0,865.0
"Taft Heights CDP",2050.0,28.2,58.3,13.5,92.2,865.0,1185.0
"Shingle Springs CDP",2049.0,30.7,59.8,9.5,98.0,984.0,1065.0
"Fetters Hot Springs-Agua Caliente CDP",2024.0,22.4,63.9,13.7,93.3,876.0,1148.0
"Westwood CDP",2017.0,31.4,56.7,11.9,94.2,892.0,1125.0
"Lucerne CDP",2011.0,20.0,43.5,36.5,84.9,702.0,1309.0
"Rainbow CDP",2006.0,22.0,62.0,16.0,109.7,1198.0,808.0
"Riverdale CDP",1980.0,29.0,58.3,12.7,91.7,826.0,1154.0
"Guerneville CDP",1966.0,23.0,64.0,13.0,111.7,1213.0,753.0
"Mecca CDP",1966.0,35.5,58.8,5.7,148.3,1933.0,33.0
"Hidden Valley Lake CDP",1961.0,24.9,58.3,16.8,100.1,982.0,979.0
"Murrieta Hot Springs CDP",1938.0,5.6,37.4,57.0,86.3,703.0,1235.0
"Quail Valley CDP",1937.0,31.3,59.3,9.4,107.3,1110.0,827.0
"Arbuckle CDP",1912.0,37.2,54.1,8.7,95.8,876.0,1036.0
"Parksdale CDP",1911.0,35.8,54.9,9.3,111.0,1166.0,745.0
"Poplar-Cotton Center CDP",1901.0,39.9,51.4,8.6,101.8,985.0,916.0
"Richgrove CDP",1899.0,40.7,51.6,7.7,122.7,1381.0,518.0
"Weedpatch CDP",1892.0,42.4,53.0,4.6,110.8,1150.0,742.0
"Bonsall CDP",1881.0,20.0,69.0,11.1,129.8,1501.0,380.0
"Easton CDP",1877.0,29.6,57.5,12.9,92.4,796.0,1081.0
"Rolling Hills city",1871.0,21.8,63.0,15.3,99.2,921.0,950.0
"Auberry CDP",1866.0,26.7,53.2,20.1,101.6,963.0,903.0
"Loma Rica CDP",1852.0,26.8,58.6,14.6,101.9,961.0,891.0
"Sutter Creek city",1835.0,20.2,56.5,23.3,83.5,615.0,1220.0
"Deer Park CDP",1825.0,20.8,61.3,17.9,86.3,662.0,1163.0
"Lagunitas-Forest Knolls CDP",1821.0,21.9,72.7,5.4,98.1,876.0,945.0
"Lone Pine CDP",1818.0,23.9,50.7,25.5,84.5,627.0,1191.0
"Hamilton City CDP",1811.0,33.6,57.1,9.3,127.7,1407.0,404.0
"Columbia CDP",1799.0,18.7,55.4,25.9,90.7,732.0,1067.0
"Cottonwood CDP",1747.0,30.1,56.2,13.7,85.6,622.0,1125.0
"Soulsbyville CDP",1732.0,29.7,55.5,14.8,90.0,693.0,1039.0
"Hidden Hills city",1729.0,27.2,64.4,8.4,90.3,697.0,1032.0
"San Martin CDP",1713.0,30.0,63.5,6.5,122.9,1249.0,464.0
"Valley Center CDP",1711.0,25.1,57.0,17.9,96.3,792.0,919.0
"Los Molinos CDP",1709.0,25.0,52.4,22.6,85.8,612.0,1097.0
"Val Verde CDP",1689.0,37.2,58.4,4.4,115.7,1110.0,579.0
"Winchester CDP",1689.0,31.0,57.7,11.3,97.6,804.0,885.0
"Tuolumne City CDP",1686.0,29.2,55.0,15.8,85.0,590.0,1096.0
"East Sonora CDP",1675.0,18.6,53.6,27.8,83.3,558.0,1117.0
"Del Rey Oaks city",1661.0,17.9,66.5,15.6,88.8,644.0,1017.0
"Parkwood CDP",1659.0,33.2,59.0,7.8,96.5,771.0,888.0
"Kernville CDP",1656.0,21.7,50.6,27.7,91.6,689.0,967.0
"Sunnyside-Tahoe City CDP",1643.0,22.8,73.4,3.8,117.7,1112.0,531.0
"London CDP",1638.0,40.7,55.7,3.7,132.5,1351.0,287.0
"Wheatland city",1631.0,29.8,56.1,14.1,83.2,541.0,1090.0
"Murrieta CDP",1628.0,29.0,57.8,13.2,96.9,764.0,864.0
"Caruthers CDP",1603.0,33.8,54.6,11.6,90.1,643.0,960.0
"Temelec CDP",1594.0,0.2,36.9,62.9,74.5,391.0,1203.0
"Bear Valley Springs CDP",1593.0,27.6,57.6,14.9,100.3,801.0,792.0
"Cabazon CDP",1588.0,28.3,51.7,20.0,89.5,627.0,961.0
"Biggs city",1581.0,34.5,52.0,13.5,87.5,593.0,988.0
"Willow Creek CDP",1576.0,27.3,58.4,14.3,100.2,791.0,785.0
"San Juan Bautista city",1570.0,29.4,58.7,11.9,93.7,686.0,884.0
"Woodville CDP",1557.0,40.7,51.4,8.0,114.4,1003.0,554.0
"Lake Nacimiento CDP",1556.0,23.7,58.6,17.7,99.8,775.0,781.0
"McCloud CDP",1555.0,26.6,53.9,19.5,91.4,644.0,911.0
"Home Garden CDP",1549.0,39.7,51.9,8.4,105.7,863.0,686.0
"Morongo Valley CDP",1544.0,26.5,53.6,19.9,91.7,644.0,900.0
"Murphys CDP",1517.0,19.8,47.2,33.0,80.0,455.0,1062.0
"Cutten CDP",1516.0,26.2,62.9,10.9,89.3,596.0,920.0
"East Blythe CDP",1511.0,34.1,57.4,8.5,96.4,701.0,810.0
"Esparto CDP",1487.0,32.5,53.7,13.8,99.8,741.0,746.0
"Woodacre CDP",1478.0,23.1,70.2,6.8,105.6,822.0,656.0
"Cobb CDP",1477.0,34.3,57.5,8.2,102.7,778.0,699.0
"Acton CDP",1471.0,28.6,64.9,6.5,97.4,697.0,774.0
"Elkhorn CDP",1458.0,28.1,64.5,7.4,108.3,850.0,608.0
"Dollar Point CDP",1449.0,21.1,71.6,7.2,110.5,877.0,572.0
"Lakeview CDP",1448.0,30.8,57.9,11.3,108.8,851.0,597.0
"Inverness CDP",1422.0,19.2,64.7,16.1,86.2,515.0,907.0
"Laton CDP",1415.0,37.1,53.6,9.3,95.6,645.0,770.0
"Montague city",1415.0,32.9,55.6,11.4,87.2,526.0,889.0
"Kettleman City CDP",1411.0,40.0,56.8,3.3,133.3,1175.0,236.0
"Foresthill CDP",1409.0,28.9,58.1,13.1,107.5,810.0,599.0
"Graton CDP",1409.0,24.7,60.5,14.8,89.8,561.0,848.0
"Greenville CDP",1396.0,28.4,51.5,20.1,86.9,515.0,881.0
"Concow CDP",1392.0,25.6,58.0,16.5,108.0,807.0,585.0
"Tipton CDP",1383.0,36.8,51.8,11.4,99.5,685.0,698.0
"Westmorland city",1380.0,37.0,54.0,9.1,96.8,646.0,734.0
"Linden CDP",1339.0,30.1,58.6,11.4,97.5,636.0,703.0
"Ferndale city",1331.0,26.1,58.1,15.8,89.0,519.0,812.0
"Littlerock CDP",1320.0,33.9,60.2,6.0,111.9,817.0,503.0
"Bayview CDP",1318.0,26.8,57.2,16.0,96.1,608.0,710.0
"Colfax city",1306.0,26.6,56.3,17.1,86.0,470.0,836.0
"Buttonwillow CDP",1301.0,37.2,52.7,10.1,104.3,706.0,595.0
"Occidental CDP",1300.0,26.9,63.0,10.1,106.1,729.0,571.0
"Pine Valley CDP",1297.0,27.9,59.9,12.2,101.1,663.0,634.0
"Bootjack CDP",1295.0,25.4,57.7,16.9,89.8,515.0,780.0
"Julian CDP",1284.0,25.2,60.0,14.8,101.0,655.0,629.0
"Bodfish CDP",1283.0,15.9,48.4,35.7,92.7,548.0,735.0
"North Edwards CDP",1259.0,33.2,60.4,6.4,106.1,706.0,553.0
"Penn Valley CDP",1242.0,21.3,56.4,22.3,87.4,465.0,777.0
"Blue Lake city",1235.0,24.5,64.0,11.5,94.8,553.0,682.0
"Seeley CDP",1228.0,38.9,54.1,7.0,90.8,501.0,727.0
"Lower Lake CDP",1217.0,21.9,52.8,25.2,91.9,510.0,707.0
"South Dos Palos CDP",1214.0,43.3,49.3,7.3,101.8,629.0,585.0
"Lost Hills CDP",1212.0,33.6,64.8,1.7,210.8,1949.0,-737.0
"Redway CDP",1212.0,28.3,56.4,15.3,88.9,471.0,741.0
"Le Grand CDP",1205.0,37.2,52.3,10.5,101.3,618.0,587.0
"Maricopa city",1193.0,31.9,57.8,10.4,101.7,617.0,576.0
"Glen Ellen CDP",1191.0,27.9,63.0,9.2,88.4,457.0,734.0
"Lewiston CDP",1187.0,25.4,56.2,18.4,99.8,591.0,596.0
"Niland CDP",1183.0,25.7,52.7,21.6,103.5,633.0,550.0
"Mi-Wuk Village CDP",1175.0,30.2,55.8,14.0,93.9,516.0,659.0
"Big Pine CDP",1158.0,20.4,54.5,25.1,88.2,442.0,716.0
"Piru CDP",1157.0,27.9,58.7,13.4,118.3,790.0,367.0
"Mountain Mesa CDP",1153.0,23.1,47.4,29.6,91.2,475.0,678.0
"Mariposa CDP",1152.0,17.7,47.4,34.9,72.1,255.0,897.0
"Del Rey CDP",1150.0,38.5,54.7,6.8,112.3,716.0,434.0
"Eldridge CDP",1144.0,24.2,66.0,9.8,88.9,445.0,699.0
"Tahoe Vista CDP",1144.0,24.0,69.4,6.6,104.5,623.0,521.0
"Gerber-Las Flores CDP",1143.0,29.1,52.8,18.1,96.1,527.0,616.0
"Laytonville CDP",1133.0,29.6,58.9,11.6,98.5,550.0,583.0
"Hydesville CDP",1131.0,28.6,56.9,14.5,94.9,508.0,623.0
"Bodega Bay CDP",1127.0,13.1,69.0,17.8,105.7,628.0,499.0
"San Miguel CDP",1123.0,35.0,56.0,9.0,101.1,574.0,549.0
"Westhaven-Moonstone CDP",1109.0,26.8,61.7,11.5,104.0,599.0,510.0
"Colma town",1103.0,25.4,62.9,11.7,96.9,517.0,586.0
"Bolinas CDP",1098.0,22.5,70.7,6.8,95.2,496.0,602.0
"Challenge-Brownsville CDP",1096.0,22.3,52.2,25.5,93.2,473.0,623.0
"South Lake CDP",1059.0,15.3,44.8,39.9,90.9,433.0,626.0
"Monte Rio CDP",1058.0,22.7,65.2,12.1,111.4,650.0,408.0
"Covelo CDP",1057.0,30.3,54.7,15.0,89.9,422.0,635.0
"Irwindale city",1050.0,34.5,57.8,7.7,93.8,460.0,590.0
"Tulelake city",1010.0,33.4,51.6,15.0,92.3,427.0,583.0
